{"Logistic Regression": {"Accuracy": 89.18, "Precision": 92.31, "Recall": 82.05, "F1 Score": 86.88}, "Decision Tree": {"Accuracy": 82.46, "Precision": 81.25, "Recall": 77.78, "F1 Score": 79.47999999999999}, "Random Forest": {"Accuracy": 89.55, "Precision": 90.09, "Recall": 85.47, "F1 Score": 87.72}, "Naive Bayes": {"Accuracy": 91.03999999999999, "Precision": 86.05000000000001, "Recall": 94.87, "F1 Score": 90.24}, "KNN": {"Accuracy": 83.96000000000001, "Precision": 78.03, "Recall": 88.03, "F1 Score": 82.73}, "Linear SVM": {"Accuracy": 87.69, "Precision": 93.75, "Recall": 76.92, "F1 Score": 84.50999999999999}, "Kernel SVM": {"Accuracy": 89.92999999999999, "Precision": 92.45, "Recall": 83.76, "F1 Score": 87.89}, "SGD": {"Accuracy": 91.79, "Precision": 92.04, "Recall": 88.89, "F1 Score": 90.42999999999999}}