{"Logistic Regression": {"Accuracy": 83.96000000000001, "Precision": 94.05, "Recall": 67.52, "F1 Score": 78.61}, "Decision Tree": {"Accuracy": 81.34, "Precision": 79.65, "Recall": 76.92, "F1 Score": 78.25999999999999}, "Random Forest": {"Accuracy": 87.69, "Precision": 92.86, "Recall": 77.78, "F1 Score": 84.65}, "Naive Bayes": {"Accuracy": 86.57000000000001, "Precision": 77.92999999999999, "Recall": 96.58, "F1 Score": 86.26}, "KNN": {"Accuracy": 82.09, "Precision": 84.85000000000001, "Recall": 71.78999999999999, "F1 Score": 77.78}, "Linear SVM": {"Accuracy": 72.76, "Precision": 97.83, "Recall": 38.46, "F1 Score": 55.21}, "Kernel SVM": {"Accuracy": 83.96000000000001, "Precision": 95.12, "Recall": 66.67, "F1 Score": 78.39}, "SGD": {"Accuracy": 91.03999999999999, "Precision": 93.46, "Recall": 85.47, "F1 Score": 89.29}}