{"Logistic Regression": {"Accuracy": 88.06, "Precision": 93.81, "Recall": 77.78, "F1 Score": 85.05}, "Decision Tree": {"Accuracy": 79.47999999999999, "Precision": 78.18, "Recall": 73.5, "F1 Score": 75.77000000000001}, "Random Forest": {"Accuracy": 86.94, "Precision": 90.2, "Recall": 78.63, "F1 Score": 84.02}, "Naive Bayes": {"Accuracy": 88.42999999999999, "Precision": 81.62, "Recall": 94.87, "F1 Score": 87.75}, "KNN": {"Accuracy": 81.34, "Precision": 83.84, "Recall": 70.94, "F1 Score": 76.85}, "Linear SVM": {"Accuracy": 83.96000000000001, "Precision": 94.05, "Recall": 67.52, "F1 Score": 78.61}, "Kernel SVM": {"Accuracy": 83.96000000000001, "Precision": 94.05, "Recall": 67.52, "F1 Score": 78.61}, "SGD": {"Accuracy": 91.42, "Precision": 92.73, "Recall": 87.18, "F1 Score": 89.87}}